sequenceID	name	organism	locus_name	sequence_length	locus_numeric_id	locus_structure
KX022587	DELV	Cynocephalus volans	ELVgv	3210	126	NULL
KX022583	DELV	Cynocephalus volans	ELVgv	2879	127	NULL
KX022584	DELV	Cynocephalus volans	ELVgv	2879	128	NULL
KX022582	DELV	Galeopterus variegatus	ELVgv	2873	4	NULL
KX022586	DELV	Galeopterus variegatus	ELVgv	2784	3	NULL
KX022581	DELV	Galeopterus variegatus	ELVgv	1128	4	NULL
KX022588	DELV	Cynocephalus volans	ELVgv	1118	125	LTR
KX022585	DELV	Galeopterus variegatus	ELVgv	1067	3	LTR
KX022589	DELV	Galeopterus variegatus	ELVgv	605	2	LTR
JQ700143	MELV	Mustela eversmannii	MELV	902	NK	Gag
JQ700164	MELV	Mustela nigripes	MELV	902	NK	Gag
JQ700167	MELV	Mustela nigripes	MELV	902	NK	Gag
JQ700170	MELV	Mustela nigripes	MELV	902	NK	Gag
JQ700152	MELV	Mustela eversmannii	MELV	901	NK	Gag
JQ700193	MELV	Neovison vison	MELV	883	NK	Gag
JQ700134	MELV	Mustela erminea	MELV	880	NK	Gag
JQ700135	MELV	Mustela erminea	MELV	880	NK	Gag
JQ700136	MELV	Mustela erminea	MELV	880	NK	Gag
JQ700139	MELV	Mustela erminea	MELV	880	NK	Gag
JQ700140	MELV	Mustela erminea	MELV	880	NK	Gag
JQ700141	MELV	Mustela erminea	MELV	880	NK	Gag
JQ700142	MELV	Mustela eversmannii	MELV	880	NK	Gag
JQ700145	MELV	Mustela eversmannii	MELV	880	NK	Gag
JQ700146	MELV	Mustela eversmannii	MELV	880	NK	Gag
JQ700148	MELV	Mustela eversmannii	MELV	880	NK	Gag
JQ700151	MELV	Mustela eversmannii	MELV	880	NK	Gag
JQ700162	MELV	Mustela nigripes	MELV	880	NK	Gag
JQ700163	MELV	Mustela nigripes	MELV	880	NK	Gag
JQ700165	MELV	Mustela nigripes	MELV	880	NK	Gag
JQ700166	MELV	Mustela nigripes	MELV	880	NK	Gag
JQ700168	MELV	Mustela nigripes	MELV	880	NK	Gag
JQ700169	MELV	Mustela nigripes	MELV	880	NK	Gag
JQ700171	MELV	Mustela nigripes	MELV	880	NK	Gag
JQ700172	MELV	Mustela nigripes	MELV	880	NK	Gag
JQ700174	MELV	Mustela nivalis	MELV	880	NK	Gag
JQ700182	MELV	Mustela putorius	MELV	880	NK	Gag
JQ700184	MELV	Mustela putorius	MELV	880	NK	Gag
JQ700185	MELV	Mustela putorius	MELV	880	NK	Gag
JQ700186	MELV	Mustela putorius	MELV	880	NK	Gag
JQ700190	MELV	Mustela putorius	MELV	880	NK	Gag
JQ700191	MELV	Neovison vison	MELV	880	NK	Gag
JQ700192	MELV	Neovison vison	MELV	880	NK	Gag
JQ700194	MELV	Neovison vison	MELV	880	NK	Gag
JQ700195	MELV	Neovison vison	MELV	880	NK	Gag
JQ700196	MELV	Neovison vison	MELV	880	NK	Gag
JQ700197	MELV	Neovison vison	MELV	880	NK	Gag
JQ700199	MELV	Neovison vison	MELV	880	NK	Gag
JQ700200	MELV	Neovison vison	MELV	880	NK	Gag
JQ700137	MELV	Mustela erminea	MELV	879	NK	Gag
JQ700138	MELV	Mustela erminea	MELV	879	NK	Gag
JQ700144	MELV	Mustela eversmannii	MELV	879	NK	Gag
JQ700187	MELV	Mustela putorius	MELV	879	NK	Gag
JQ700178	MELV	Mustela nivalis	MELV	878	NK	Gag
JQ700198	MELV	Neovison vison	MELV	878	NK	Gag
JQ700160	MELV	Mustela frenata	MELV	877	NK	Gag
JQ700149	MELV	Mustela eversmannii	MELV	875	NK	Gag
JQ700181	MELV	Mustela putorius	MELV	874	NK	Gag
JQ700183	MELV	Mustela putorius	MELV	874	NK	Gag
JQ700188	MELV	Mustela putorius	MELV	874	NK	Gag
JQ700189	MELV	Mustela putorius	MELV	874	NK	Gag
JQ700157	MELV	Mustela frenata	MELV	873	NK	Gag
JQ700158	MELV	Mustela frenata	MELV	873	NK	Gag
JQ700173	MELV	Mustela nivalis	MELV	873	NK	Gag
JQ700175	MELV	Mustela nivalis	MELV	873	NK	Gag
JQ700177	MELV	Mustela nivalis	MELV	873	NK	Gag
JQ700147	MELV	Mustela eversmannii	MELV	860	NK	Gag
JQ700150	MELV	Mustela eversmannii	MELV	860	NK	Gag
JQ700153	MELV	Mustela frenata	MELV	837	NK	Gag
JQ700154	MELV	Mustela frenata	MELV	837	NK	Gag
JQ700155	MELV	Mustela frenata	MELV	837	NK	Gag
JQ700156	MELV	Mustela frenata	MELV	837	NK	Gag
JQ700159	MELV	Mustela frenata	MELV	837	NK	Gag
JQ700161	MELV	Mustela frenata	MELV	837	NK	Gag
JQ700176	MELV	Mustela nivalis	MELV	837	NK	Gag
JQ700179	MELV	Mustela nivalis	MELV	837	NK	Gag
JQ700180	MELV	Mustela nivalis	MELV	837	NK	Gag
FJ707359	PSIV1	Microcebus murinus	PSIV1	2165	NK	Pol-Vif-Env
FJ707331	PSIV1	Microcebus myoxinus	PSIV1	256	NK	LTR
FJ707330	PSIV1	Microcebus myoxinus	PSIV1	255	NK	LTR
FJ707334	PSIV1	Microcebus griseorufus	PSIV1	255	NK	LTR
FJ707343	PSIV1	Microcebus sambiranensis	PSIV1	255	NK	LTR
FJ707326	PSIV1	Microcebus tavaratra	PSIV1	253	NK	LTR
FJ707327	PSIV1	Microcebus tavaratra	PSIV1	253	NK	LTR
FJ707333	PSIV1	Microcebus griseorufus	PSIV1	253	NK	LTR
FJ707335	PSIV1	Microcebus griseorufus	PSIV1	253	NK	LTR
FJ707336	PSIV1	Microcebus griseorufus	PSIV1	253	NK	LTR
FJ707337	PSIV1	Microcebus ravelobensis	PSIV1	253	NK	LTR
FJ707339	PSIV1	Microcebus ravelobensis	PSIV1	253	NK	LTR
FJ707340	PSIV1	Microcebus sambiranensis	PSIV1	253	NK	LTR
FJ707341	PSIV1	Microcebus sambiranensis	PSIV1	253	NK	LTR
FJ707344	PSIV1	Microcebus sambiranensis	PSIV1	253	NK	LTR
FJ707329	PSIV1	Microcebus myoxinus	PSIV1	252	NK	LTR
FJ707342	PSIV1	Microcebus sambiranensis	PSIV1	252	NK	LTR
FJ707338	PSIV1	Microcebus ravelobensis	PSIV1	245	NK	LTR
FJ707332	PSIV1	Microcebus myoxinus	PSIV1	235	NK	LTR
FJ707328	PSIV1	Microcebus tavaratra	PSIV1	216	NK	LTR
FJ707352	PSIV2	Cheirogaleus medius	PSIV2	1437	1	Pol-Vif-Env
FJ707353	PSIV2	Cheirogaleus medius	PSIV2	1437	1	Pol-Vif-Env
FJ707350	PSIV2	Cheirogaleus medius	PSIV2	1380	1	Pol-Vif-Env
FJ707347	PSIV2	Cheirogaleus medius	PSIV2	1287	1	Gag-Pol
FJ707346	PSIV2	Cheirogaleus medius	PSIV2	1286	1	Gag-Pol
FJ707349	PSIV2	Cheirogaleus medius	PSIV2	1260	1	Pol
FJ707345	PSIV2	Cheirogaleus medius	PSIV2	1125	1	Gag
FJ707348	PSIV2	Cheirogaleus medius	PSIV2	1068	1	Pol
FJ707356	PSIV2	Cheirogaleus medius	PSIV2	1024	1	Env
FJ707357	PSIV2	Cheirogaleus medius	PSIV2	1024	1	Env
FJ707354	PSIV2	Cheirogaleus medius	PSIV2	730	1	env-rev
FJ707355	PSIV2	Cheirogaleus medius	PSIV2	729	1	env-rev
FJ707351	PSIV2	Cheirogaleus medius	PSIV2	706	1	env-rev
FJ707325	PSIV2	Cheirogaleus medius	PSIV2	241	NK	LTR
FJ707324	PSIV2	Cheirogaleus medius	PSIV2	238	NK	LTR
FJ707322	PSIV2	Cheirogaleus medius	PSIV2	218	NK	LTR
FJ707323	PSIV2	Cheirogaleus medius	PSIV2	218	NK	LTR
FJ493031	RELIK	Lepus europaeus	RELIK	2881	NK	Pol
FJ493032	RELIK	Lepus europaeus	RELIK	2019	72	Gag
FJ493034	RELIK	Lepus europaeus	RELIK	787	NK	Gag
FJ493033	RELIK	Lepus europaeus	RELIK	681	NK	Gag
FJ493030	RELIK	Lepus europaeus	RELIK	397	NK	LTR
JQ700124	MELV	Lontra canadensis	MELV	10000	NK	Gag
JQ700125	MELV	Lontra canadensis	MELV	10000	NK	Gag
JQ700126	MELV	Lontra canadensis	MELV	10000	NK	Gag
JQ700127	MELV	Lontra canadensis	MELV	10000	NK	Gag
JQ700128	MELV	Lontra canadensis	MELV	10000	NK	Gag
JQ700129	MELV	Lontra canadensis	MELV	10000	NK	Gag
JQ700130	MELV	Lontra canadensis	MELV	10000	NK	Gag
JQ700131	MELV	Lontra canadensis	MELV	10000	NK	Gag
JQ700132	MELV	Lontra canadensis	MELV	10000	NK	Gag
JQ700133	MELV	Lontra canadensis	MELV	10000	NK	Gag